{
  "camera": {
    "screen": {
      "width": 1080,
      "height": 720
    },
    "viewport_height": 3.4641016151377544,
    "origin": [
      0.0,
      0.0,
      0.4
    ],
    "focal_len": 2.0,
    "pitch": 0.0,
    "yaw": 0.0
  },
  "spheres": [
    {
      "center": [
        0.5,
        -0.75,
        -0.75
      ],
      "radius": 0.25,
      "material": {
        "type": "Dielectric",
        "eta": 1.6
      }
    },
    {
      "center": [
        -1.0,
        -0.75,
        -1.0
      ],
      "radius": 0.25,
      "material": {
        "type": "Metal",
        "color": [
          0.8,
          0.8,
          0.8
        ],
        "fuzziness": 0.05
      }
    },
    {
      "center": [
        1.5,
        -0.975,
        -1.3
      ],
      "radius": 0.05,
      "material": {
        "type": "Light",
        "color_light": [
          0.0,
          1.0,
          0.0
        ],
        "radiance": 100.0
      }
    }
  ],
  "cubes": [
    {
      "transform": [
        0.2701511529340699,
        0.0,
        0.42073549240394825,
        0.0,
        0.0,
        1.0,
        0.0,
        0.0,
        -0.42073549240394825,
        0.0,
        0.2701511529340699,
        0.0,
        1.0,
        -0.25,
        -1.4,
        1.0
      ],
      "material": {
        "type": "Metal",
        "color": [
          0.8,
          0.8,
          0.8
        ],
        "fuzziness": 0.05
      }
    }
  ],
  "bunnies": [
    {
      "transform": [
        2.0,
        0.0,
        0.0,
        0.0,
        0.0,
        2.0,
        0.0,
        0.0,
        0.0,
        0.0,
        2.0,
        0.0,
        0.0,
        -0.75,
        -0.5,
        1.0
      ],
      "material": {
        "type": "Wood",
        "origin": [
          0.0,
          -0.75,
          -0.5
        ],
        "h": [
          0.0,
          0.7071067811865475,
          0.7071067811865475
        ],
        "w": [
          0.0,
          0.0,
          1.0
        ],
        "wood_type": "RedWood"
      }
    }
  ]
}
